codigo_comuna,pop_total,pop_chilean,pop_foreign,pct_foreign,median_age_chilean,median_age_foreign,mean_schooling_chilean,mean_schooling_foreign,emp_rate_chilean,emp_rate_foreign,dependency_ratio,census_source_file,eno_total,eno_chilean,eno_foreign,eno_desconocido,eno_top3_diseases,eno_rate_per_10k,eno_source_file,_merge,nombre_comuna,grd_total,grd_chilean,grd_foreign,grd_pct_foreign,grd_mean_los,grd_mean_los_chilean,grd_mean_los_foreign,grd_mean_severity,grd_mortality_rate,grd_top3_chapters,grd_rate_per_10k,grd_source_file,merge_grd,pct_no_internet,log_pop_total,emp_rate_combined,pct_unemployed,schooling_gap,employment_gap
13104,121587,103271,17686,14.54596297301521,39.0,34.0,11.325066467264872,11.98365271802894,61.003947604521805,75.10392919404586,0.4786029599542751,census_team19.csv,1134,635,188,311,VIH | Parotiditis | Sifilis,93.26654987786524,eno_team19.csv,both,Conchalí,10561,9346,1215,0.1150459236814695,6.366631947732222,6.6164134389043445,4.445267489711934,1.429504781744153,0.0368336331786762,"Cap.15  EMBARAZO, PARTO Y PUERPERIO (O00-O9A) | Cap.19  LESIONES TRAUMÁTICAS, ENVENENAMIENTOS Y OTRAS CONSECUENCIAS DE CAUSAS EXTERNAS (S00-T88) | Cap.11  ENFERMEDADES DEL APARATO DIGESTIVO (K00-K95)",868.596149259378,grd_team19.csv,both,29.781326781326783,11.70838533490441,63.06560814828796,36.93439185171204,-0.6585862507640687,-14.099981589524056
13105,155257,143714,10652,6.860882279059881,37.0,31.0,10.971926269356342,12.114082741328875,58.93712654010893,71.02159953298307,0.4970013113236655,census_team12.csv,1212,634,111,467,"VIH, Parotiditis, Coqueluche",78.06411305126339,eno_team12.csv,both,El Bosque,9517,9046,471,4.949038562572239,7.223915099295997,7.369334512491709,4.43099787685775,1.774613848901965,3.4254491961752653,"Cap.15  EMBARAZO, PARTO Y PUERPERIO (O00-O9A), Cap.10  ENFERMEDADES DEL APARATO RESPIRATORIO (J00-J99), Cap.11  ENFERMEDADES DEL APARATO DIGESTIVO (K00-K95)",612.9836335881796,grd_team12.csv,both,28.812478833396415,11.952837087346094,59.77101357689226,40.22898642310774,-1.142156471972534,-12.084472992874147
13107,101808,92790,8381,8.28,36.0,35.0,12.77,14.12,63.92,75.8,44.0,census_team13.csv,832,456,68,308,VIH | Parotiditis | Sifilis,81.72245796008173,eno_team13.csv,both,Huechuraba,6170,5743,427,6.92,6.09,6.22,4.27,1.37,3.42,"Cap.15  EMBARAZO, PARTO Y PUERPERIO (O00-O9A) | Cap.19  LESIONES TRAUMÁTICAS, ENVENENAMIENTOS Y OTRAS CONSECUENCIAS DE CAUSAS EXTERNAS (S00-T88) | Cap.11  ENFERMEDADES DEL APARATO DIGESTIVO (K00-K95)",606.0,grd_team13.csv,both,21.917851105128044,11.530843965472574,64.90413853772326,35.095861462276744,-1.3499999999999996,-11.879999999999995
13108,116943,64272,51908,44.38743661441899,36.0,33.0,12.854490256989552,12.936710529785609,67.16144308373858,80.3780623734674,39.83546377452797,census_team09.csv,1642,607,786,0,Dato Faltante,156.38095238095238,eno_team09.csv,both,Independencia,10573,0,0,0.0,6.467889908256881,0.0,0.0,0.0,2.8563321668400645,Dato Faltante,1006.952380952381,grd_team09.csv,both,30.252804654955806,11.66944191558223,73.06648934033389,26.933510659666112,-0.08222027279605726,-13.216619289728825
13109,103157,82209,19762,19.15720697577479,37.0,32.0,12.724804060352865,13.401106500691563,67.40233337606915,78.77959361212949,0.4479394756049632,census_team19.csv,714,333,149,232,VIH | Parotiditis | Coqueluche,69.21488604748102,eno_team19.csv,both,La Cisterna,7338,6249,1089,0.1484055600981193,6.360997547015535,6.6426628260521685,4.744719926538108,1.6107931316434996,0.037884982284001,"Cap.15  EMBARAZO, PARTO Y PUERPERIO (O00-O9A) | Cap.11  ENFERMEDADES DEL APARATO DIGESTIVO (K00-K95) | Cap.19  LESIONES TRAUMÁTICAS, ENVENENAMIENTOS Y OTRAS CONSECUENCIAS DE CAUSAS EXTERNAS (S00-T88)",711.342904504784,grd_team19.csv,both,23.851134389640468,11.544007378533257,69.60724866360214,30.392751336397865,-0.6763024403386986,-11.377260236060337
13110,374836,335340,36685,9.786946824744687,38.0,34.0,12.846742116528745,13.96530903502031,65.99295673680061,78.78579385361378,46.80625237440616,census_team02.csv,2128,1539,342,247,VIH | Sifilis | Parotiditis,56.77149473369687,eno_team02.csv,both,La Florida,49846,46736,3110,6.239216787706135,6.002897539774099,6.132361800395881,4.133388566694284,1.4035218054774716,2.9992376519680617,H25.9 | K80.2 | Z51.1,1329.8082361352697,grd_team02.csv,both,19.380663521306076,12.834243875961102,67.2544451572839,32.7455548427161,-1.118566918491565,-12.792837116813175
13111,112022,101705,9550,8.525111138883434,39.0,32.0,10.85673384925022,12.150498640072527,59.35718379536063,72.13942914877495,49.86421223026395,census_team01.csv,943,454,108,381,VIH | Parotiditis | Coqueluche,84.17989323525737,eno_team01.csv,both,La Granja,14803,13943,860,5.809633182463014,5.393568871174762,5.440436061105931,4.633720930232558,1.482875092886577,2.526514895629264,Cap.15  EMBARAZO | PARTO Y PUERPERIO (O00-O9A) | Cap.11  ENFERMEDADES DEL APARATO DIGESTIVO (K00-K95) | Cap.09  ENFERMEDADES DEL APARATO CIRCULATORIO (I00-I99),1321.4368606166645,grd_team01.csv,both,30.61384109175252,11.626450559559094,60.454396892525764,39.545603107474236,-1.2937647908223067,-12.782245353414318
13112,175421,166483,7732,4.44,34.0,32.0,10.01,11.47,55.71,67.68,49.0,census_team13.csv,1507,755,102,650,VIH | Parotiditis | Coqueluche,85.90761653393837,eno_team13.csv,both,La Pintana,25556,24778,778,3.04,5.37,5.42,3.86,1.47,1.953,"Cap.15  EMBARAZO, PARTO Y PUERPERIO (O00-O9A) | Cap.11  ENFERMEDADES DEL APARATO DIGESTIVO (K00-K95) | Cap.19  LESIONES TRAUMÁTICAS, ENVENENAMIENTOS Y OTRAS CONSECUENCIAS DE CAUSAS EXTERNAS (S00-T88)",1456.8,grd_team13.csv,both,30.94072260553454,12.074944078093388,56.24125184398588,43.75874815601412,-1.4600000000000009,-11.970000000000006
13115,112620,98589,12198,10.831113478955782,34.0,42.0,14.86880298182538,15.031678750697155,63.15209016331526,73.11209287989314,45.969696576931554,census_team20.csv,630,278,42,310,Parotiditis | Coqueluche | VIH,55.94,eno_team20.csv,both,Lo Barnechea,6883,6204,679,9.86,5.166742081447964,5.2396094141211815,4.483568075117371,1.4259770448932152,1.7724829289553898,"Cap.15  EMBARAZO, PARTO Y PUERPERIO (O00-O9A) | Cap.11  ENFERMEDADES DEL APARATO DIGESTIVO (K00-K95) | Cap.19  LESIONES TRAUMÁTICAS, ENVENENAMIENTOS Y OTRAS CONSECUENCIAS DE CAUSAS EXTERNAS (S00-T88)",611.1703072278458,grd_team20.csv,both,15.539852501002871,11.63177459880861,64.24871804507771,35.75128195492229,-0.1628757688717748,-9.960002716577883
13116,87295,80266,6512,7.459762873016783,38.0,32.0,10.356598016781083,11.212395235994707,56.82800098970328,68.39474171449731,0.4976239084561409,census_team12.csv,678,366,72,240,"VIH, Parotiditis, Coqueluche",77.66767856120052,eno_team12.csv,both,Lo Espejo,5269,4949,320,6.073258682862023,6.763142911368381,6.819357445948676,5.89375,1.626684380337825,2.770924274055798,"Cap.15  EMBARAZO, PARTO Y PUERPERIO (O00-O9A), Cap.11  ENFERMEDADES DEL APARATO DIGESTIVO (K00-K95), Cap.10  ENFERMEDADES DEL APARATO RESPIRATORIO (J00-J99)",603.5855432728106,grd_team12.csv,both,34.94552899027564,11.377048466418875,57.69599305681543,42.30400694318457,-0.8557972192136241,-11.566740724794037
13118,123800,105336,17497,14.133279483037157,39.0,35.0,13.33633394303632,14.598976488911964,69.14035980991174,81.18907043800631,44.13281641111615,census_team01.csv,890,405,110,375,VIH | Parotiditis | Coqueluche,71.89014539579968,eno_team01.csv,both,Macul,13343,12128,1215,9.105898223787753,5.520947313197931,5.670679419525066,4.026337448559671,1.5699617777111594,3.440005995653152,Cap.11  ENFERMEDADES DEL APARATO DIGESTIVO (K00-K95) | Cap.15  EMBARAZO | PARTO Y PUERPERIO (O00-O9A) | Cap.19  LESIONES TRAUMÁTICAS | ENVENENAMIENTOS Y OTRAS CONSECUENCIAS DE CAUSAS EXTERNAS (S00-T88),1077.7867528271406,grd_team01.csv,both,19.19555471364526,11.726422639232633,70.85664362500843,29.14335637499157,-1.262642545875643,-12.048710628094568
13119,500600,469627,30973,6.19,38.0,34.0,12.64,12.98,62.55,73.51,43.27,census_team08.csv,3316,1827,267,1222,VIH | Parotiditis | Coqueluche,66.24,eno_team08.csv,both,maipu,62614,58932,3682,5.88,7.02,7.16,4.68,1.64,3.49,"Cap.15  EMBARAZO, PARTO Y PUERPERIO (O00-O9A) | Cap.11  ENFERMEDADES DEL APARATO DIGESTIVO (K00-K95) | Cap.09  ENFERMEDADES DEL APARATO CIRCULATORIO (I00-I99)",1250.78,grd_team08.csv,both,18.45987335035549,13.12356265797981,63.22811442269276,36.77188557730724,-0.33999999999999986,-10.960000000000008
13122,236478,216664,18304,7.74025490743325,38.0,34.0,12.222863898249807,12.847695541210028,64.7195868375159,77.56749602964531,43.49306132851135,census_team16.csv,1487,701,124,662,VIH | Parotiditis | Coqueluche,62.88,eno_team16.csv,both,Peñalolén,44917,42047,2870,6.39,5.34,5.43,4.14,1.56,2.91,"Cap.11  ENFERMEDADES DEL APARATO DIGESTIVO (K00-K95) | Cap.15  EMBARAZO, PARTO Y PUERPERIO (O00-O9A) | Cap.19  LESIONES TRAUMÁTICAS, ENVENENAMIENTOS Y OTRAS CONSECUENCIAS DE CAUSAS EXTERNAS (S00-T88)",1899.42,grd_team16.csv,both,26.50795738524267,12.37361045933138,65.72043856989112,34.279561430108885,-0.6248316429602205,-12.847909192129407
13126,129351,92347,35630,27.545206453757604,38.0,32.0,11.942871863729332,12.615201049994036,65.53346842396128,78.11306727942419,0.4349533518964312,census_team19.csv,1361,572,431,358,VIH | Parotiditis | Sifilis,105.2175862575473,eno_team19.csv,both,Quinta Normal,14588,11624,2964,0.2031806964628461,6.291952289553057,6.686682725395733,4.743927125506073,1.4528379489991774,0.0331779544831368,"Cap.15  EMBARAZO, PARTO Y PUERPERIO (O00-O9A) | Cap.11  ENFERMEDADES DEL APARATO DIGESTIVO (K00-K95) | Cap.19  LESIONES TRAUMÁTICAS, ENVENENAMIENTOS Y OTRAS CONSECUENCIAS DE CAUSAS EXTERNAS (S00-T88)",1127.784091348347,grd_team19.csv,both,28.94546569969983,11.770284918546796,69.03574701480294,30.964252985197064,-0.6723291862647045,-12.579598855462905
13127,154615,118968,34009,21.995925362998413,39.0,34.0,11.617627309021207,11.922531585409324,62.59941041598428,76.9302133800639,45.127983705191625,census_team09.csv,1978,964,501,0,Dato Faltante,104.10526315789474,eno_team09.csv,both,Recoleta,13435,0,0,0.0,6.3290658727205065,0.0,0.0,0.0,2.97729810197246,Dato Faltante,707.1052631578947,grd_team09.csv,both,35.24293357833865,11.948693435008439,65.78535521817928,34.21464478182072,-0.30490427638811646,-14.330802964079624
13128,143622,130218,12523,8.71941624542201,35.0,33.0,10.895059920574488,12.027873787490243,61.2766105307049,72.134724857685,47.257794957500685,census_team20.csv,1064,590,113,361,VIH | Parotiditis | Coqueluche,74.08,eno_team20.csv,both,Renca,25748,24002,1746,6.78,6.392185065324224,6.495590034120904,4.999132697311362,1.4646962870902591,3.0681994718036303,"Cap.15  EMBARAZO, PARTO Y PUERPERIO (O00-O9A) | Cap.11  ENFERMEDADES DEL APARATO DIGESTIVO (K00-K95) | Cap.19  LESIONES TRAUMÁTICAS, ENVENENAMIENTOS Y OTRAS CONSECUENCIAS DE CAUSAS EXTERNAS (S00-T88)",1792.7615546364764,grd_team20.csv,both,29.516720604099245,11.874940127204445,62.229218160725516,37.770781839274484,-1.1328138669157557,-10.8581143269801
13131,76002,69248,6214,8.176100628930818,40.0,32.0,10.520866973046829,11.916823308270676,60.3259789306301,73.8268211270371,49.66916108704214,census_team01.csv,687,359,54,274,VIH | Parotiditis | Coqueluche,90.39235809583958,eno_team01.csv,both,San Ramón,11743,10986,757,6.446393596184961,4.966448096738483,5.019843437101766,4.191545574636724,1.4538022651792557,2.214084986800647,Cap.15  EMBARAZO | PARTO Y PUERPERIO (O00-O9A) | Cap.11  ENFERMEDADES DEL APARATO DIGESTIVO (K00-K95) | Cap.07  ENFERMEDADES DEL OJO Y SUS ANEXOS (H00-H59),1545.0909186600354,grd_team01.csv,both,33.917401764234164,11.238514934711688,61.43772038206888,38.56227961793112,-1.3959563352238469,-13.500842196407007
13201,564477,534717,29760,5.27213686297227,35.0,34.0,12.119722180162295,12.678511471740348,62.39990267376788,71.87045711516717,43.03022063100012,census_team18.csv,4334,2527,280,1527,VIH | Parotiditis | Coqueluche,76.77903616976423,eno_team18.csv,both,Puente Alto,39492,38156,1336,3.382963638205206,4.784390194489466,4.790312434472636,4.615269461077844,1.51016687346484,2.248556669705257,Cap.15  EMBARAZO | PARTO Y PUERPERIO (O00-O9A) | Cap.11  ENFERMEDADES DEL APARATO DIGESTIVO (K00-K95) | Cap.19  LESIONES TRAUMÁTICAS | ENVENENAMIENTOS Y OTRAS CONSECUENCIAS DE CAUSAS EXTERNAS (S00-T88),699.6210651629739,grd_team18.csv,both,20.669871128094513,13.243654917720535,62.89920326560075,37.10079673439925,-0.5587892915780532,-9.470554441399287
13202,29060,28398,442,1.5209910529938058,37.0,40.0,12.411691088282838,13.803814713896458,65.06849315068493,77.71587743732591,0.4813682010501096,census_team12.csv,136,76,8,52,"VIH, Parotiditis, Chagas",46.79972470750173,eno_team12.csv,both,Pirque,1731,1702,29,1.675332177931831,4.176776429809359,4.1574618096357225,5.310344827586207,1.4962449451184288,2.541883304448296,"Cap.15  EMBARAZO, PARTO Y PUERPERIO (O00-O9A), Cap.10  ENFERMEDADES DEL APARATO RESPIRATORIO (J00-J99), Cap.07  ENFERMEDADES DEL OJO Y SUS ANEXOS (H00-H59)",595.6641431520991,grd_team12.csv,both,36.32101188529059,10.277117937124274,65.26232615535537,34.73767384464463,-1.3921236256136194,-12.647384286640985
13301,173293,149378,22498,13.09,33.0,35.0,12.61,12.78,59.95,70.0,45.82,census_team10.csv,1259,576,174,509,Parotiditis | VIH | Sifilis,72.65,eno_team10.csv,both,Colina,14742,12697,2045,13.87,5.88,6.06,4.72,1.41,2.04,"Cap.15  EMBARAZO, PARTO Y PUERPERIO (O00-O9A) | Cap.19  LESIONES TRAUMÁTICAS, ENVENENAMIENTOS Y OTRAS CONSECUENCIAS DE CAUSAS EXTERNAS (S00-T88) | Cap.10  ENFERMEDADES DEL APARATO RESPIRATORIO (J00-J99)",850.7,grd_team10.csv,both,32.583739581695234,12.062739082504752,61.26551176429519,38.73448823570481,-0.16999999999999993,-10.049999999999997
13401,306371,284663,19544,6.38,34.0,33.0,11.6,12.24,60.81,71.16,45.28,census_team06.csv,2172,1129,149,894,"PAROTIDITIS, SIN COMPLICACIONES, no aplica, TOS FERINA, NO ESPECIFICADA",70.89443844228076,eno_team06.csv,both,San Bernardo,44506,42580,1926,4.33,6.01,6.04,5.52,1.47,2.35,"EMBARAZO, PARTO Y PUERPERIO, ENFERMEDADES DEL APARATO DIGESTIVO, LESIONES TRAUMÁTICAS, ENVENENAMIENTOS Y OTRAS CONSECUENCIAS DE CAUSAS EXTERNAS",1452.68,grd_team06.csv,both,26.845787512312018,12.632552064849632,61.47494327875427,38.52505672124573,-0.6400000000000006,-10.349999999999994
13402,116969,110229,5960,5.0953671485607295,34.0,34.0,12.185436165190104,13.374942209893666,63.13281795243464,72.90721649484536,46.35211390963802,census_team20.csv,551,251,34,266,Parotiditis | VIH | Coqueluche,47.11,eno_team20.csv,both,Buin,15457,14669,788,5.1,5.576291079812207,5.603302373581012,5.086142322097379,1.488645920941968,2.95658924759008,"Cap.11  ENFERMEDADES DEL APARATO DIGESTIVO (K00-K95) | Cap.15  EMBARAZO, PARTO Y PUERPERIO (O00-O9A) | Cap.19  LESIONES TRAUMÁTICAS, ENVENENAMIENTOS Y OTRAS CONSECUENCIAS DE CAUSAS EXTERNAS (S00-T88)",1321.4612418675033,grd_team20.csv,both,24.48067664973269,11.669664221407558,63.63420289690243,36.36579710309757,-1.1895060447035615,-9.774398542410715
13403,25491,24430,898,3.52,37.0,35.0,11.97,12.04,60.39,72.7,45.97,census_team06.csv,84,62,11,11,"no aplica, PAROTIDITIS, SIN COMPLICACIONES, HEPATITIS VIRAL TIPO B CRONICA, SIN AGENTE DELTA",32.952806873014005,eno_team06.csv,both,Calera de Tango,1539,1502,37,2.4,7.22,7.24,6.43,1.75,2.6,"LESIONES TRAUMÁTICAS, ENVENENAMIENTOS Y OTRAS CONSECUENCIAS DE CAUSAS EXTERNAS, ENFERMEDADES DEL APARATO RESPIRATORIO, ENFERMEDADES DEL APARATO DIGESTIVO",603.74,grd_team06.csv,both,39.50286806883365,10.14608072767165,60.826448989260896,39.173551010739104,-0.06999999999999851,-12.310000000000002
13501,136325,124407,11069,8.17,37.0,30.0,11.07,11.26,58.93,74.38,50.48,census_team10.csv,824,387,245,192,VIH | Chagas | Parotiditis,60.44,eno_team10.csv,both,Melipilla,29404,26882,2522,8.58,4.98,5.09,3.89,1.23,2.23,"Cap.15  EMBARAZO, PARTO Y PUERPERIO (O00-O9A) | Cap.11  ENFERMEDADES DEL APARATO DIGESTIVO (K00-K95) | Cap.14  ENFERMEDADES DEL APARATO GENITOURINARIO (N00-N99)",2156.9,grd_team10.csv,both,42.53027103891067,11.822797019794262,60.192334657061025,39.807665342938975,-0.1899999999999995,-15.449999999999996
13502,7768,6871,879,11.34,37.0,28.0,10.6,11.38,63.78,77.52,51.0,census_team13.csv,28,14,9,5,Chagas | VIH | Parotiditis,36.04531410916581,eno_team13.csv,both,Alhué,900,793,107,11.89,5.64,5.8,4.46,1.28,2.333,"Cap.15  EMBARAZO, PARTO Y PUERPERIO (O00-O9A) | Cap.11  ENFERMEDADES DEL APARATO DIGESTIVO (K00-K95) | Cap.19  LESIONES TRAUMÁTICAS, ENVENENAMIENTOS Y OTRAS CONSECUENCIAS DE CAUSAS EXTERNAS (S00-T88)",1158.6,grd_team13.csv,both,34.69314079422382,8.957768009971161,65.33838193548388,34.66161806451612,-0.7800000000000011,-13.739999999999995
13504,15352,14996,319,2.08,38.0,31.0,10.6,11.46,61.08,69.2,52.0,census_team13.csv,32,24,4,4,VIH | Parotiditis | Chagas,20.844189682126107,eno_team13.csv,both,María Pinto,1683,1630,53,3.15,4.78,4.83,3.11,1.2,1.664,"Cap.15  EMBARAZO, PARTO Y PUERPERIO (O00-O9A) | Cap.11  ENFERMEDADES DEL APARATO DIGESTIVO (K00-K95) | Cap.14  ENFERMEDADES DEL APARATO GENITOURINARIO (N00-N99)",1096.3,grd_team13.csv,both,49.83787907686439,9.639001037687535,61.24913352921972,38.75086647078028,-0.8600000000000012,-8.120000000000005
13505,11108,9808,1260,11.343176089305006,40.0,29.0,9.734945120142392,9.659767141009056,60.40290620871862,75.82417582417582,56.82620358605111,census_team09.csv,731,19,19,0,Dato Faltante,609.1666666666666,eno_team09.csv,both,San Pedro,1355,0,0,0.0,4.900369003690037,0.0,0.0,0.0,1.5498154981549817,Dato Faltante,1129.1666666666667,grd_team09.csv,both,78.4688995215311,9.31542084842669,62.158489847630435,37.841510152369565,0.07517797913333624,-15.421269615457206
13601,76429,71322,4559,6.01,36.0,32.0,11.83,12.26,59.75,69.74,46.76,census_team10.csv,314,186,32,96,VIH | Parotiditis | Chagas,41.08,eno_team10.csv,both,Talagante,12342,11754,588,4.76,6.46,6.53,5.09,1.63,2.6,"Cap.15  EMBARAZO, PARTO Y PUERPERIO (O00-O9A) | Cap.11  ENFERMEDADES DEL APARATO DIGESTIVO (K00-K95) | Cap.14  ENFERMEDADES DEL APARATO GENITOURINARIO (N00-N99)",1614.83,grd_team10.csv,both,31.836433663853153,11.244117484283745,60.35020835255202,39.64979164744798,-0.4299999999999997,-9.989999999999995
13602,37497,36404,915,2.45,36.0,34.0,10.9,12.53,60.75,69.14,50.0,census_team13.csv,146,93,18,35,VIH | Parotiditis | Sifilis,38.93644824919327,eno_team13.csv,both,El Monte,4114,4015,99,2.41,5.95,5.98,4.66,1.62,2.552,"Cap.15  EMBARAZO, PARTO Y PUERPERIO (O00-O9A) | Cap.11  ENFERMEDADES DEL APARATO DIGESTIVO (K00-K95) | Cap.14  ENFERMEDADES DEL APARATO GENITOURINARIO (N00-N99)",1097.2,grd_team13.csv,both,41.82192910140149,10.532016208758332,60.95570888823388,39.04429111176612,-1.629999999999999,-8.39
13603,39274,37775,1332,3.391556755105159,37.0,31.0,11.147838050314466,12.256438969764838,59.30163973103693,72.28915662650603,0.475634040954349,census_team12.csv,115,67,11,37,"VIH, Parotiditis, Sifilis",29.28145847125325,eno_team12.csv,both,Isla de Maipo,2059,1989,70,3.3997085964060223,5.699854298203011,5.733534439416792,4.742857142857143,1.6192326372025254,1.6027197668771247,"Cap.11  ENFERMEDADES DEL APARATO DIGESTIVO (K00-K95), Cap.15  EMBARAZO, PARTO Y PUERPERIO (O00-O9A), Cap.14  ENFERMEDADES DEL APARATO GENITOURINARIO (N00-N99)",524.2654173244385,grd_team12.csv,both,32.52891287586739,10.578318001310176,59.74399973064736,40.25600026935264,-1.1086009194503728,-12.9875168954691
13604,81243,75497,5296,6.518715458562584,34.0,33.0,12.115747903265206,13.170451509484373,65.16893340088072,73.95402298850576,45.12084025507743,census_team09.csv,337,206,44,0,Dato Faltante,51.84615384615385,eno_team09.csv,both,Padre Hurtado,4764,0,0,0.0,6.111880772460117,0.0,0.0,0.0,1.910159529806885,Dato Faltante,732.923076923077,grd_team09.csv,both,23.96064619860654,11.305199942634374,65.74479807301893,34.25520192698107,-1.0547036062191673,-8.785089587625038
13605,94402,90616,3235,3.426834177242008,36.0,34.0,11.981958677958282,12.994342906875543,59.73916291760732,70.5074399084319,46.112770666625394,census_team16.csv,441,251,32,158,VIH | Parotiditis | Coqueluche,46.72,eno_team16.csv,both,Peñaflor,10357,9981,376,3.63,6.14,6.17,5.43,1.39,1.89,"Cap.11  ENFERMEDADES DEL APARATO DIGESTIVO (K00-K95) | Cap.15  EMBARAZO, PARTO Y PUERPERIO (O00-O9A) | Cap.19  LESIONES TRAUMÁTICAS, ENVENENAMIENTOS Y OTRAS CONSECUENCIAS DE CAUSAS EXTERNAS (S00-T88)",1097.12,grd_team16.csv,both,28.33072611132838,11.45531753834984,60.11034038045074,39.88965961954926,-1.012384228917261,-10.768276990824589
